aln_id,aln_nome,aln_email,aln_primeiro_nome,aln_ultimo_sobrenome
5,"João da Silva",joão.silva@facens.com,joão,silva
6,"Maria Pereira Almeida",maria.almeida@facens.com,maria,almeida
7,"Pedro Silva",pedro.silva@facens.com,pedro,silva
8,"Ana Carolina Sousa Pereira",ana.pereira@facens.com,ana,pereira
9,"Carlos Rodrigues Alves",carlos.alves@facens.com,carlos,alves
10,"Sofia Pereira Silva",sofia.silva@facens.com,sofia,silva
11,"João Pereira Silva",joão.silva1@facens.com,joão,silva
12,"Luís Rodrigues",luís.rodrigues@facens.com,luís,rodrigues
13,"Carolina Fernandes dos Santos",carolina.santos@facens.com,carolina,santos
14,"Rui Mendes Pereira",rui.pereira@facens.com,rui,pereira
15,"Marta Costa",marta.costa@facens.com,marta,costa
16,"Hugo Ferreira Gomes",hugo.gomes@facens.com,hugo,gomes
17,"Beatriz Gomes Almeida",beatriz.almeida@facens.com,beatriz,almeida
18,"Guilherme da Silva",guilherme.silva@facens.com,guilherme,silva
19,"Alice Rodrigues",alice.rodrigues@facens.com,alice,rodrigues
20,"Ana Ribeiro de Martins Pereira",ana.pereira1@facens.com,ana,pereira
